Age_Cohort,avg_expenditure
 0 - 5,1415.280488
 6-12,2226.862857
 13-17,3922.613208
 18-21,9888.537688
 22-50,40209.283186
 51 +,53521.896226
